{
    "precision": 0.8484086568683402,
    "recall": 0.8510968268544026,
    "mAP50": 0.8748728603587569,
    "mAP50_95": 0.7393507479545045
}